id;user_id;usser_name;first_name;middle_name;last_name;date_of_birth;country_of_birth;country_of_citizen_ship;passport_number;gender;category;email;current_address;phone_number;bachelor_degree;year;current_visa_status;status;refered_by;passport_front_page;passport_back_page
1;purple set;Granite B2B withdrawal;Gerhard;Quality protocol SMS;Spencer;2022-02-06T13:50:19;Pizza Cambridgeshire;Soap Berkshire;Borders implementation;MALE;MASTERCAP;Maximilian.Bosco@yahoo.com;Books;Internal quantifying;Cross-platform;Bedfordshire Corporate Dollar;Mouse Hat Customer;Australia Trafficway Nauru;purple Consultant;../fake-data/blob/hipster.txt;../fake-data/blob/hipster.txt
2;invoice EXE mobile;Loan;Daphney;Directives Arizona;Harvey;2022-02-05T17:32:14;Quality-focused;parse matrix responsive;Open-source invoice;MALE;REGULARCAP;Antoinette_Kemmer56@gmail.com;solutions;Riel customized Malta;functionalities;attitude-oriented wireless infrastructure;web online brand;e-markets Industrial;Practical Cotton Investment;../fake-data/blob/hipster.txt;../fake-data/blob/hipster.txt
3;PCI;hierarchy Loan;Issac;Ohio;Ferry;2022-02-06T00:16:37;Trail solid;Salad up;Licensed Maryland;FEMALE;MASTERCAP;Camron.Becker84@yahoo.com;Tactics;Rustic;Gorgeous backing service-desk;payment Market;Factors plum;copying Dollar AGP;SMS;../fake-data/blob/hipster.txt;../fake-data/blob/hipster.txt
4;e-business Borders;Pizza hard world-class;Charles;program;Hagenes;2022-02-06T01:06:26;Rubber primary;demand-driven blue override;Loan Kingdom;MALE;REGULARCAP;Adelia.Mills@gmail.com;PCI Granite;THX Awesome;Seamless Metal;synthesize;GB cross-platform Account;Market override;revolutionize Clothing;../fake-data/blob/hipster.txt;../fake-data/blob/hipster.txt
5;Berkshire Dam;group Granite;Raphael;Trail;Adams;2022-02-06T11:48:09;productize Ball Colorado;engineer;Account Pataca wireless;MALE;REGULARCAP;Rollin.Hessel87@yahoo.com;Ball;transmitting Dollar;Representative New Producer;open-source Paradigm interfaces;flexibility;framework;Assurance Frozen motivating;../fake-data/blob/hipster.txt;../fake-data/blob/hipster.txt
6;blue;dot-com;Mckenzie;visionary Cambridgeshire;Reilly;2022-02-06T10:42:41;IB Highway;hacking core;Granite;FEMALE;MASTERCAP;Kathlyn_McClure@yahoo.com;Sleek;Kids Home;Maryland Paradigm;optical;web-enabled generation Bacon;pixel Customer Faroe;District transmitter;../fake-data/blob/hipster.txt;../fake-data/blob/hipster.txt
7;Direct e-services payment;redefine Product Operations;Ansel;asynchronous digital;Durgan;2022-02-06T03:28:14;deposit Customer Cotton;gold Chicken;Bedfordshire;MALE;MASTERCAP;River4@yahoo.com;Vision-oriented Industrial;synthesizing;Crest Customer;Quality;web-readiness;collaborative;Toys Concrete architectures;../fake-data/blob/hipster.txt;../fake-data/blob/hipster.txt
8;leverage;Switchable Lebanese invoice;Grayson;Rubber visionary Rue;Daugherty;2022-02-06T06:02:15;input invoice Executive;dot-com Falls;Bedfordshire withdrawal initiative;MALE;MASTERCAP;Clyde80@hotmail.com;Home Granite;quantify wireless interface;PNG;Checking XML;Borders Niger;Accountability Refined;back Communications Movies;../fake-data/blob/hipster.txt;../fake-data/blob/hipster.txt
9;wireless Re-contextualized Tokelau;Compatible Home architectures;Torrey;Regional Station;Block;2022-02-06T05:33:03;Guinea Product Nevada;Wyoming;Court;MALE;REGULARCAP;Hillard45@yahoo.com;Designer Games project;Soap Illinois Metal;Steel;approach Buckinghamshire Factors;wireless navigate;Granite;FTP;../fake-data/blob/hipster.txt;../fake-data/blob/hipster.txt
10;Somoni Senior niches;Borders program enterprise;Wanda;Ball open-source;Haley;2022-02-06T13:26:39;Island;Nakfa;Garden reboot;FEMALE;REGULARCAP;Grover52@gmail.com;Forest reboot;syndicate redundant;reinvent instruction methodologies;navigate one-to-one;Investment SSL SDD;array;Rustic Islands Consultant;../fake-data/blob/hipster.txt;../fake-data/blob/hipster.txt
